-- MySQL dump 10.13  Distrib 5.7.29, for Linux (x86_64)
--
-- Host: 192.168.10.105    Database: shopslot
-- ------------------------------------------------------
-- Server version	5.7.24-0ubuntu0.18.04.1

/*!40101 SET @OLD_CHARACTER_SET_CLIENT=@@CHARACTER_SET_CLIENT */;
/*!40101 SET @OLD_CHARACTER_SET_RESULTS=@@CHARACTER_SET_RESULTS */;
/*!40101 SET @OLD_COLLATION_CONNECTION=@@COLLATION_CONNECTION */;
/*!40101 SET NAMES utf8 */;
/*!40103 SET @OLD_TIME_ZONE=@@TIME_ZONE */;
/*!40103 SET TIME_ZONE='+00:00' */;
/*!40014 SET @OLD_UNIQUE_CHECKS=@@UNIQUE_CHECKS, UNIQUE_CHECKS=0 */;
/*!40014 SET @OLD_FOREIGN_KEY_CHECKS=@@FOREIGN_KEY_CHECKS, FOREIGN_KEY_CHECKS=0 */;
/*!40101 SET @OLD_SQL_MODE=@@SQL_MODE, SQL_MODE='NO_AUTO_VALUE_ON_ZERO' */;
/*!40111 SET @OLD_SQL_NOTES=@@SQL_NOTES, SQL_NOTES=0 */;

--
-- Table structure for table `shop`
--

DROP TABLE IF EXISTS `shop`;
/*!40101 SET @saved_cs_client     = @@character_set_client */;
/*!40101 SET character_set_client = utf8 */;
CREATE TABLE `shop` (
  `id` int(11) NOT NULL AUTO_INCREMENT,
  `name` varchar(255) NOT NULL,
  `address` varchar(255) NOT NULL,
  `comments` varchar(255) DEFAULT NULL,
  `email` varchar(255) NOT NULL,
  `max_per_slot` int(11) NOT NULL,
  `mon_alpha_csv` varchar(255) DEFAULT NULL,
  `tue_alpha_csv` varchar(255) DEFAULT NULL,
  `wed_alpha_csv` varchar(255) DEFAULT NULL,
  `thu_alpha_csv` varchar(255) DEFAULT NULL,
  `fri_alpha_csv` varchar(255) DEFAULT NULL,
  `sat_alpha_csv` varchar(255) DEFAULT NULL,
  `sun_alpha_csv` varchar(255) DEFAULT NULL,
  `open_time` time NOT NULL,
  `close_time` time NOT NULL,
  `key` varchar(255) NOT NULL,
  `email_verified` int(11) NOT NULL,
  `slot_duration_min` int(11) DEFAULT NULL,
  PRIMARY KEY (`id`)
) ENGINE=InnoDB AUTO_INCREMENT=4 DEFAULT CHARSET=utf8;
/*!40101 SET character_set_client = @saved_cs_client */;

--
-- Dumping data for table `shop`
--

LOCK TABLES `shop` WRITE;
/*!40000 ALTER TABLE `shop` DISABLE KEYS */;
INSERT INTO `shop` VALUES (1,'Winners Rose Belle','Rose Belle','','dvdoolub@gmail.com',30,'A,B,C,D,E,F,G,H','I,J,K,L,M,N,O,P','Q,R,S,T,U,V,W,X,Y,Z','A,B,C,D,E,F,G,H','I,J,K,L,M,N,O,P','Q,R,S,T,U,V,W,X,Y,Z','','09:00:00','17:00:00','IUHDjsdhnlkfjhsoifuw9a8e70593849iu43u8rt894h304',1,30),(2,'Winners Plaine Magnien','Winners Plaine Magnien','','dvdoolub@gmail.com',10,'A,B,C,D,E,F,G,H','I,J,K,L,M,N,O,P','Q,R,S,T,U,V,W,X,Y,Z','A,B,C,D,E,F,G,H','I,J,K,L,M,N,O,P','Q,R,S,T,U,V,W,X,Y,Z','','09:00:00','17:00:00','sdf34fw435t645645rtg45y4y6546y6e5u67u',1,60),(3,'Winners Port Louis','Port Louis',NULL,'dvdoolub@gmail.com',20,'A,B,C,D,E,F,G,H','I,J,K,L,M,N,O,P','Q,R,S,T,U,V,W,X,Y,Z','A,B,C,D,E,F,G,H','I,J,K,L,M,N,O,P','Q,R,S,T,U,V,W,X,Y,Z',NULL,'09:00:00','17:00:00','sdfsdiouyw39487ty937y8374ry8uyaewi',1,60);
/*!40000 ALTER TABLE `shop` ENABLE KEYS */;
UNLOCK TABLES;



--
-- Table structure for table `timeslot`
--

DROP TABLE IF EXISTS `timeslot`;
/*!40101 SET @saved_cs_client     = @@character_set_client */;
/*!40101 SET character_set_client = utf8 */;
CREATE TABLE `timeslot` (
  `id` int(11) NOT NULL AUTO_INCREMENT,
  `start_timestamp` datetime NOT NULL,
  `end_timestamp` datetime NOT NULL,
  `count` int(11) NOT NULL,
  `status` varchar(45) NOT NULL,
  `shop_id` int(11) NOT NULL,
  PRIMARY KEY (`id`),
  KEY `fk_timeslot_shop_idx` (`shop_id`),
  CONSTRAINT `fk_timeslot_shop` FOREIGN KEY (`shop_id`) REFERENCES `shop` (`id`) ON DELETE NO ACTION ON UPDATE NO ACTION
) ENGINE=InnoDB AUTO_INCREMENT=265 DEFAULT CHARSET=utf8;
/*!40101 SET character_set_client = @saved_cs_client */;

--
-- Dumping data for table `timeslot`
--

LOCK TABLES `timeslot` WRITE;
/*!40000 ALTER TABLE `timeslot` DISABLE KEYS */;
INSERT INTO `timeslot` VALUES (13,'2020-04-13 15:00:00','2020-04-13 15:30:00',0,'active',1),(14,'2020-04-13 15:30:00','2020-04-13 16:00:00',0,'active',1),(15,'2020-04-13 16:00:00','2020-04-13 16:30:00',1,'active',1),(16,'2020-04-13 16:30:00','2020-04-13 17:00:00',0,'active',1),(17,'2020-04-14 09:00:00','2020-04-14 09:30:00',0,'active',1),(18,'2020-04-14 09:30:00','2020-04-14 10:00:00',0,'active',1),(19,'2020-04-14 10:00:00','2020-04-14 10:30:00',0,'active',1),(20,'2020-04-14 10:30:00','2020-04-14 11:00:00',0,'active',1),(21,'2020-04-14 11:00:00','2020-04-14 11:30:00',0,'active',1),(22,'2020-04-14 11:30:00','2020-04-14 12:00:00',0,'active',1),(23,'2020-04-14 12:00:00','2020-04-14 12:30:00',0,'active',1),(24,'2020-04-14 12:30:00','2020-04-14 13:00:00',0,'active',1),(25,'2020-04-14 13:00:00','2020-04-14 13:30:00',0,'active',1),(26,'2020-04-14 13:30:00','2020-04-14 14:00:00',0,'active',1),(27,'2020-04-14 14:00:00','2020-04-14 14:30:00',0,'active',1),(28,'2020-04-14 14:30:00','2020-04-14 15:00:00',0,'active',1),(29,'2020-04-14 15:00:00','2020-04-14 15:30:00',0,'active',1),(30,'2020-04-14 15:30:00','2020-04-14 16:00:00',0,'active',1),(31,'2020-04-14 16:00:00','2020-04-14 16:30:00',0,'active',1),(32,'2020-04-14 16:30:00','2020-04-14 17:00:00',0,'active',1),(95,'2020-04-13 15:00:00','2020-04-13 16:00:00',0,'active',2),(96,'2020-04-13 16:00:00','2020-04-13 17:00:00',0,'active',2),(97,'2020-04-14 09:00:00','2020-04-14 10:00:00',0,'active',2),(98,'2020-04-14 10:00:00','2020-04-14 11:00:00',0,'active',2),(99,'2020-04-14 11:00:00','2020-04-14 12:00:00',0,'active',2),(100,'2020-04-14 12:00:00','2020-04-14 13:00:00',0,'active',2),(101,'2020-04-14 13:00:00','2020-04-14 14:00:00',0,'active',2),(102,'2020-04-14 14:00:00','2020-04-14 15:00:00',0,'active',2),(103,'2020-04-14 15:00:00','2020-04-14 16:00:00',0,'active',2),(104,'2020-04-14 16:00:00','2020-04-14 17:00:00',0,'active',2),(105,'2020-04-15 09:00:00','2020-04-15 10:00:00',0,'active',2),(106,'2020-04-15 10:00:00','2020-04-15 11:00:00',0,'active',2),(107,'2020-04-15 11:00:00','2020-04-15 12:00:00',0,'active',2),(108,'2020-04-15 12:00:00','2020-04-15 13:00:00',0,'active',2),(109,'2020-04-15 13:00:00','2020-04-15 14:00:00',0,'active',2),(110,'2020-04-15 14:00:00','2020-04-15 15:00:00',0,'active',2),(111,'2020-04-15 15:00:00','2020-04-15 16:00:00',0,'active',2),(112,'2020-04-15 16:00:00','2020-04-15 17:00:00',0,'active',2),(113,'2020-04-16 09:00:00','2020-04-16 10:00:00',0,'active',2),(114,'2020-04-16 10:00:00','2020-04-16 11:00:00',0,'active',2),(115,'2020-04-16 11:00:00','2020-04-16 12:00:00',0,'active',2),(116,'2020-04-16 12:00:00','2020-04-16 13:00:00',0,'active',2),(117,'2020-04-16 13:00:00','2020-04-16 14:00:00',0,'active',2),(118,'2020-04-16 14:00:00','2020-04-16 15:00:00',0,'active',2),(119,'2020-04-16 15:00:00','2020-04-16 16:00:00',0,'active',2),(120,'2020-04-16 16:00:00','2020-04-16 17:00:00',0,'active',2),(121,'2020-04-17 09:00:00','2020-04-17 10:00:00',0,'active',2),(122,'2020-04-17 10:00:00','2020-04-17 11:00:00',0,'active',2),(123,'2020-04-17 11:00:00','2020-04-17 12:00:00',0,'active',2),(124,'2020-04-17 12:00:00','2020-04-17 13:00:00',0,'active',2),(125,'2020-04-17 13:00:00','2020-04-17 14:00:00',0,'active',2),(126,'2020-04-17 14:00:00','2020-04-17 15:00:00',0,'active',2),(127,'2020-04-17 15:00:00','2020-04-17 16:00:00',0,'active',2),(128,'2020-04-17 16:00:00','2020-04-17 17:00:00',0,'active',2),(129,'2020-04-18 09:00:00','2020-04-18 10:00:00',0,'active',2),(130,'2020-04-18 10:00:00','2020-04-18 11:00:00',0,'active',2),(131,'2020-04-18 11:00:00','2020-04-18 12:00:00',0,'active',2),(132,'2020-04-18 12:00:00','2020-04-18 13:00:00',0,'active',2),(133,'2020-04-18 13:00:00','2020-04-18 14:00:00',0,'active',2),(134,'2020-04-18 14:00:00','2020-04-18 15:00:00',0,'active',2),(135,'2020-04-18 15:00:00','2020-04-18 16:00:00',0,'active',2),(136,'2020-04-18 16:00:00','2020-04-18 17:00:00',0,'active',2),(137,'2020-04-20 09:00:00','2020-04-20 10:00:00',0,'active',2),(138,'2020-04-20 10:00:00','2020-04-20 11:00:00',0,'active',2),(139,'2020-04-20 11:00:00','2020-04-20 12:00:00',0,'active',2),(140,'2020-04-20 12:00:00','2020-04-20 13:00:00',0,'active',2),(141,'2020-04-20 13:00:00','2020-04-20 14:00:00',0,'active',2),(142,'2020-04-20 14:00:00','2020-04-20 15:00:00',0,'active',2),(143,'2020-04-20 15:00:00','2020-04-20 16:00:00',0,'active',2),(144,'2020-04-20 16:00:00','2020-04-20 17:00:00',0,'active',2),(145,'2020-04-13 09:00:00','2020-04-13 10:00:00',0,'active',3),(146,'2020-04-13 10:00:00','2020-04-13 11:00:00',0,'active',3),(147,'2020-04-13 11:00:00','2020-04-13 12:00:00',0,'active',3),(148,'2020-04-13 12:00:00','2020-04-13 13:00:00',0,'active',3),(149,'2020-04-13 13:00:00','2020-04-13 14:00:00',0,'active',3),(150,'2020-04-13 14:00:00','2020-04-13 15:00:00',0,'active',3),(151,'2020-04-13 15:00:00','2020-04-13 16:00:00',0,'active',3),(152,'2020-04-13 16:00:00','2020-04-13 17:00:00',0,'active',3),(153,'2020-04-14 09:00:00','2020-04-14 10:00:00',0,'active',3),(154,'2020-04-14 10:00:00','2020-04-14 11:00:00',0,'active',3),(155,'2020-04-14 11:00:00','2020-04-14 12:00:00',0,'active',3),(156,'2020-04-14 12:00:00','2020-04-14 13:00:00',0,'active',3),(157,'2020-04-14 13:00:00','2020-04-14 14:00:00',0,'active',3),(158,'2020-04-14 14:00:00','2020-04-14 15:00:00',0,'active',3),(159,'2020-04-14 15:00:00','2020-04-14 16:00:00',0,'active',3),(160,'2020-04-14 16:00:00','2020-04-14 17:00:00',0,'active',3),(161,'2020-04-15 09:00:00','2020-04-15 10:00:00',0,'active',3),(162,'2020-04-15 10:00:00','2020-04-15 11:00:00',0,'active',3),(163,'2020-04-15 11:00:00','2020-04-15 12:00:00',0,'active',3),(164,'2020-04-15 12:00:00','2020-04-15 13:00:00',0,'active',3),(165,'2020-04-15 13:00:00','2020-04-15 14:00:00',0,'active',3),(166,'2020-04-15 14:00:00','2020-04-15 15:00:00',0,'active',3),(167,'2020-04-15 15:00:00','2020-04-15 16:00:00',0,'active',3),(168,'2020-04-15 16:00:00','2020-04-15 17:00:00',0,'active',3),(169,'2020-04-16 09:00:00','2020-04-16 10:00:00',0,'active',3),(170,'2020-04-16 10:00:00','2020-04-16 11:00:00',0,'active',3),(171,'2020-04-16 11:00:00','2020-04-16 12:00:00',0,'active',3),(172,'2020-04-16 12:00:00','2020-04-16 13:00:00',0,'active',3),(173,'2020-04-16 13:00:00','2020-04-16 14:00:00',0,'active',3),(174,'2020-04-16 14:00:00','2020-04-16 15:00:00',0,'active',3),(175,'2020-04-16 15:00:00','2020-04-16 16:00:00',0,'active',3),(176,'2020-04-16 16:00:00','2020-04-16 17:00:00',0,'active',3),(177,'2020-04-17 09:00:00','2020-04-17 10:00:00',0,'active',3),(178,'2020-04-17 10:00:00','2020-04-17 11:00:00',0,'active',3),(179,'2020-04-17 11:00:00','2020-04-17 12:00:00',0,'active',3),(180,'2020-04-17 12:00:00','2020-04-17 13:00:00',0,'active',3),(181,'2020-04-17 13:00:00','2020-04-17 14:00:00',0,'active',3),(182,'2020-04-17 14:00:00','2020-04-17 15:00:00',0,'active',3),(183,'2020-04-17 15:00:00','2020-04-17 16:00:00',0,'active',3),(184,'2020-04-17 16:00:00','2020-04-17 17:00:00',0,'active',3),(185,'2020-04-18 09:00:00','2020-04-18 10:00:00',0,'active',3),(186,'2020-04-18 10:00:00','2020-04-18 11:00:00',0,'active',3),(187,'2020-04-18 11:00:00','2020-04-18 12:00:00',0,'active',3),(188,'2020-04-18 12:00:00','2020-04-18 13:00:00',0,'active',3),(189,'2020-04-18 13:00:00','2020-04-18 14:00:00',0,'active',3),(190,'2020-04-18 14:00:00','2020-04-18 15:00:00',0,'active',3),(191,'2020-04-18 15:00:00','2020-04-18 16:00:00',0,'active',3),(192,'2020-04-18 16:00:00','2020-04-18 17:00:00',0,'active',3),(193,'2020-04-20 09:00:00','2020-04-20 10:00:00',0,'active',3),(194,'2020-04-20 10:00:00','2020-04-20 11:00:00',0,'active',3),(195,'2020-04-20 11:00:00','2020-04-20 12:00:00',0,'active',3),(196,'2020-04-20 12:00:00','2020-04-20 13:00:00',0,'active',3),(197,'2020-04-20 13:00:00','2020-04-20 14:00:00',0,'active',3),(198,'2020-04-20 14:00:00','2020-04-20 15:00:00',0,'active',3),(199,'2020-04-20 15:00:00','2020-04-20 16:00:00',0,'active',3),(200,'2020-04-20 16:00:00','2020-04-20 17:00:00',0,'active',3),(201,'2020-04-20 09:00:00','2020-04-20 09:30:00',0,'active',1),(202,'2020-04-20 09:30:00','2020-04-20 10:00:00',0,'active',1),(203,'2020-04-20 10:00:00','2020-04-20 10:30:00',0,'active',1),(204,'2020-04-20 10:30:00','2020-04-20 11:00:00',0,'active',1),(205,'2020-04-20 11:00:00','2020-04-20 11:30:00',0,'active',1),(206,'2020-04-20 11:30:00','2020-04-20 12:00:00',0,'active',1),(207,'2020-04-20 12:00:00','2020-04-20 12:30:00',0,'active',1),(208,'2020-04-20 12:30:00','2020-04-20 13:00:00',0,'active',1),(209,'2020-04-20 13:00:00','2020-04-20 13:30:00',0,'active',1),(210,'2020-04-20 13:30:00','2020-04-20 14:00:00',0,'active',1),(211,'2020-04-20 14:00:00','2020-04-20 14:30:00',0,'active',1),(212,'2020-04-20 14:30:00','2020-04-20 15:00:00',0,'active',1),(213,'2020-04-20 15:00:00','2020-04-20 15:30:00',0,'active',1),(214,'2020-04-20 15:30:00','2020-04-20 16:00:00',0,'active',1),(215,'2020-04-20 16:00:00','2020-04-20 16:30:00',0,'active',1),(216,'2020-04-20 16:30:00','2020-04-20 17:00:00',0,'active',1),(217,'2020-04-21 09:00:00','2020-04-21 09:30:00',0,'active',1),(218,'2020-04-21 09:30:00','2020-04-21 10:00:00',0,'active',1),(219,'2020-04-21 10:00:00','2020-04-21 10:30:00',0,'active',1),(220,'2020-04-21 10:30:00','2020-04-21 11:00:00',0,'active',1),(221,'2020-04-21 11:00:00','2020-04-21 11:30:00',0,'active',1),(222,'2020-04-21 11:30:00','2020-04-21 12:00:00',0,'active',1),(223,'2020-04-21 12:00:00','2020-04-21 12:30:00',0,'active',1),(224,'2020-04-21 12:30:00','2020-04-21 13:00:00',0,'active',1),(225,'2020-04-21 13:00:00','2020-04-21 13:30:00',0,'active',1),(226,'2020-04-21 13:30:00','2020-04-21 14:00:00',0,'active',1),(227,'2020-04-21 14:00:00','2020-04-21 14:30:00',0,'active',1),(228,'2020-04-21 14:30:00','2020-04-21 15:00:00',0,'active',1),(229,'2020-04-21 15:00:00','2020-04-21 15:30:00',0,'active',1),(230,'2020-04-21 15:30:00','2020-04-21 16:00:00',0,'active',1),(231,'2020-04-21 16:00:00','2020-04-21 16:30:00',0,'active',1),(232,'2020-04-21 16:30:00','2020-04-21 17:00:00',0,'active',1),(233,'2020-04-20 09:00:00','2020-04-20 10:00:00',0,'active',2),(234,'2020-04-20 10:00:00','2020-04-20 11:00:00',0,'active',2),(235,'2020-04-20 11:00:00','2020-04-20 12:00:00',0,'active',2),(236,'2020-04-20 12:00:00','2020-04-20 13:00:00',0,'active',2),(237,'2020-04-20 13:00:00','2020-04-20 14:00:00',0,'active',2),(238,'2020-04-20 14:00:00','2020-04-20 15:00:00',0,'active',2),(239,'2020-04-20 15:00:00','2020-04-20 16:00:00',0,'active',2),(240,'2020-04-20 16:00:00','2020-04-20 17:00:00',0,'active',2),(241,'2020-04-21 09:00:00','2020-04-21 10:00:00',0,'active',2),(242,'2020-04-21 10:00:00','2020-04-21 11:00:00',0,'active',2),(243,'2020-04-21 11:00:00','2020-04-21 12:00:00',0,'active',2),(244,'2020-04-21 12:00:00','2020-04-21 13:00:00',0,'active',2),(245,'2020-04-21 13:00:00','2020-04-21 14:00:00',0,'active',2),(246,'2020-04-21 14:00:00','2020-04-21 15:00:00',0,'active',2),(247,'2020-04-21 15:00:00','2020-04-21 16:00:00',0,'active',2),(248,'2020-04-21 16:00:00','2020-04-21 17:00:00',0,'active',2),(249,'2020-04-20 09:00:00','2020-04-20 10:00:00',0,'active',3),(250,'2020-04-20 10:00:00','2020-04-20 11:00:00',0,'active',3),(251,'2020-04-20 11:00:00','2020-04-20 12:00:00',0,'active',3),(252,'2020-04-20 12:00:00','2020-04-20 13:00:00',0,'active',3),(253,'2020-04-20 13:00:00','2020-04-20 14:00:00',0,'active',3),(254,'2020-04-20 14:00:00','2020-04-20 15:00:00',0,'active',3),(255,'2020-04-20 15:00:00','2020-04-20 16:00:00',0,'active',3),(256,'2020-04-20 16:00:00','2020-04-20 17:00:00',0,'active',3),(257,'2020-04-21 09:00:00','2020-04-21 10:00:00',0,'active',3),(258,'2020-04-21 10:00:00','2020-04-21 11:00:00',0,'active',3),(259,'2020-04-21 11:00:00','2020-04-21 12:00:00',0,'active',3),(260,'2020-04-21 12:00:00','2020-04-21 13:00:00',0,'active',3),(261,'2020-04-21 13:00:00','2020-04-21 14:00:00',0,'active',3),(262,'2020-04-21 14:00:00','2020-04-21 15:00:00',0,'active',3),(263,'2020-04-21 15:00:00','2020-04-21 16:00:00',0,'active',3),(264,'2020-04-21 16:00:00','2020-04-21 17:00:00',0,'active',3);
/*!40000 ALTER TABLE `timeslot` ENABLE KEYS */;
UNLOCK TABLES;
/*!40103 SET TIME_ZONE=@OLD_TIME_ZONE */;

--
-- Table structure for table `ticket`
--

DROP TABLE IF EXISTS `ticket`;
/*!40101 SET @saved_cs_client     = @@character_set_client */;
/*!40101 SET character_set_client = utf8 */;
CREATE TABLE `ticket` (
  `id` int(11) NOT NULL AUTO_INCREMENT,
  `key` varchar(255) NOT NULL,
  `qr` varchar(255) DEFAULT NULL,
  `surname` varchar(255) NOT NULL,
  `nic` varchar(45) NOT NULL,
  `email` varchar(255) NOT NULL,
  `status` varchar(45) NOT NULL,
  `timeslot_id` int(11) NOT NULL,
  `email_verified` int(11) NOT NULL,
  PRIMARY KEY (`id`),
  KEY `fk_ticket_timeslot1_idx` (`timeslot_id`),
  CONSTRAINT `fk_ticket_timeslot1` FOREIGN KEY (`timeslot_id`) REFERENCES `timeslot` (`id`) ON DELETE NO ACTION ON UPDATE NO ACTION
) ENGINE=InnoDB AUTO_INCREMENT=15 DEFAULT CHARSET=utf8;
/*!40101 SET character_set_client = @saved_cs_client */;

--
-- Dumping data for table `ticket`
--

LOCK TABLES `ticket` WRITE;
/*!40000 ALTER TABLE `ticket` DISABLE KEYS */;
INSERT INTO `ticket` VALUES (1,'mMgs0nauXXVm4btFfm7cE4Mrp2BEb1Av',NULL,'Doolub','D2928392984756','dvdoolub@gmai.com','active',15,0),(2,'1UUlbkON4G8XTr4YKbOs2vn_tt3GwjQI',NULL,'Doolub','D2928392984756','dvdoolub@gmai.com','active',15,0),(3,'_9vb5GMDOuZnBSYPHGPo6NHH5Hr4iaOT',NULL,'Doolub','D2928392984756','dvdoolub@gmai.com','active',15,1),(4,'JTB0vKs6ihW3qGC3jNb0EKY4fsOiUCU9',NULL,'Doolub','D2928392984756','dvdoolub@gmai.com','active',15,1),(5,'04GmPGPXQy-Pp3vHVLSUEjz0bzqM3Eov',NULL,'Doolub','D2928392984756','dvdoolub@gmail.com','active',15,1),(6,'-wCkIw0L09PHFcmYhJTEa_mIW6hdRwV0',NULL,'Doolub','D2928392984756','dvdoolub@gmail.com','active',15,1),(14,'_iX63J-Qt6SmVVIh0EuYTbxYUcp_8CSB',NULL,'Doolub','D2928392984756','dvdoolub@gmail.com','active',15,1);
/*!40000 ALTER TABLE `ticket` ENABLE KEYS */;
UNLOCK TABLES;

/*!40101 SET SQL_MODE=@OLD_SQL_MODE */;
/*!40014 SET FOREIGN_KEY_CHECKS=@OLD_FOREIGN_KEY_CHECKS */;
/*!40014 SET UNIQUE_CHECKS=@OLD_UNIQUE_CHECKS */;
/*!40101 SET CHARACTER_SET_CLIENT=@OLD_CHARACTER_SET_CLIENT */;
/*!40101 SET CHARACTER_SET_RESULTS=@OLD_CHARACTER_SET_RESULTS */;
/*!40101 SET COLLATION_CONNECTION=@OLD_COLLATION_CONNECTION */;
/*!40111 SET SQL_NOTES=@OLD_SQL_NOTES */;

-- Dump completed on 2020-04-13 19:22:49
